<?xml version="1.0" encoding="UTF-8" ?>
<!DOCTYPE html>
<html b:version='2' class='v2' expr:dir='data:blog.languageDirection' xmlns='http://www.w3.org/1999/xhtml' xmlns:b='http://www.google.com/2005/gml/b' xmlns:data='http://www.google.com/2005/gml/data' xmlns:expr='http://www.google.com/2005/gml/expr'>
<head>
    <meta content='width=device-width, initial-scale=1' name='viewport'/>
    <title><data:blog.pageTitle/></title>
    
    <!-- Google Site Verification & Meta Tags (Keep your existing SEO tags here) -->
    <meta name="description" content="Protect your online reputation and build digital wealth with WMC South Africa." />
    
    <!-- Fonts -->
    <link href="https://fonts.googleapis.com/css2?family=Inter:wght@300;400;500;600;700;900&amp;display=swap" rel="stylesheet" />

    <!-- 
      STEP 1: HOSTING ON GITHUB PAGES
      1. Build your React project: `npm run build`
      2. Push the contents of the `dist` folder to your GitHub Pages branch.
      3. Your files will be available at: https://<username>.github.io/<repo-name>/assets/index.js (and .css)
    -->

    <!-- 
      STEP 2: REPLACE THESE LINKS
      Replace the HREF and SRC below with your actual GitHub Pages URLs.
    -->
    
    <!-- Load CSS from GitHub -->
    <link rel="stylesheet" href="https://YOUR_USERNAME.github.io/YOUR_REPO_NAME/assets/index.css" />

    <b:skin><![CDATA[
      /* Minimal Blogger Reset */
      body { margin: 0; padding: 0; background-color: #171717; }
      .navbar, .blog-admin, .date-header, .post-meta, .post-footer, .blog-pager, .post-header, .comments, .sidebar { display: none !important; }
    ]]></b:skin>
</head>
<body>
    <b:section class='main' id='main' showaddelement='no'></b:section>

    <!-- React Mount Point -->
    <div id="root"></div>

    <!-- Load JS Bundle from GitHub -->
    <!-- Add type="module" if using Vite build -->
    <script type="module" src="https://YOUR_USERNAME.github.io/YOUR_REPO_NAME/assets/index.js"></script>
    
</body>
</html>