
<?xml version="1.0" encoding="UTF-8" ?>
<!DOCTYPE html>
<html b:version='2' class='v2' expr:dir='data:blog.languageDirection' xmlns='http://www.w3.org/1999/xhtml' xmlns:b='http://www.google.com/2005/gml/b' xmlns:data='http://www.google.com/2005/gml/data' xmlns:expr='http://www.google.com/2005/gml/expr'>
<head>
    <meta content='width=device-width, initial-scale=1' name='viewport'/>
    <meta content='ie=edge' http-equiv='x-ua-compatible'/>
    <title><data:blog.pageTitle/></title>
    
    <!-- Google Site Verification -->
    <meta name="google-site-verification" content="google0358e8a493fefd4f" />
    
    <!-- Comprehensive SEO Meta Tags -->
    <meta name="description" content="WMC South Africa: Sovereign Digital Infrastructure &amp; Reputation Defense. Strategic SEO, StopNCII Protocols, and tactical tools for the digital economy." />
    <meta name="keywords" content="SEO South Africa, Free SEO Audit, StopNCII, Digital Sovereignty, Job Market Gauge, Compliance Hub, POPIA, Search Mafia, WeMustCreate, Online Reputation Management, Website Builder SA, Digital Defense, Cyber Safety" />
    <meta name="author" content="WeMustCreate" />
    <meta content='index, follow' name='robots'/>
    <meta content='max-image-preview:large' name='robots'/>
    
    <!-- Geo Tags for Local SEO (South Africa) -->
    <meta content='South Africa' name='geo.placename'/>
    <meta content='ZA' name='geo.region'/>
    <meta content='Johannesburg' name='geo.placename'/>
    
    <!-- Open Graph / Facebook -->
    <meta property="og:type" content="website" />
    <meta property="og:site_name" content="WMC Search Playbook" />
    <meta property="og:locale" content="en_ZA" />
    <meta property="og:title" content="WMC | Search Playbook - Audit, Comply, Dominate" />
    <meta property="og:description" content="Access the Job Market Gauge and secure your digital footprint with WMC's tactical protocols." />
    <meta property="og:image" content="https://images.unsplash.com/photo-1550751827-4bd374c3f58b?auto=format&amp;fit=crop&amp;q=80&amp;w=1200" />
    <meta property="og:url" expr:content='data:blog.homepageUrl' />
    
    <!-- Twitter -->
    <meta name="twitter:card" content="summary_large_image" />
    <meta name="twitter:title" content="WMC | Tactical Digital Hub" />
    <meta name="twitter:description" content="MZansi's Digital Defense &amp; Wealth Creation Hub." />
    <meta name="twitter:image" content="https://images.unsplash.com/photo-1550751827-4bd374c3f58b?auto=format&amp;fit=crop&amp;q=80&amp;w=1200" />

    <!-- Mobile Web App -->
    <meta content='#111111' name='theme-color'/>
    <meta content='yes' name='apple-mobile-web-app-capable'/>
    <meta content='black-translucent' name='apple-mobile-web-app-status-bar-style'/>

    <!-- Fonts -->
    <link href="https://fonts.googleapis.com/css2?family=Inter:wght@300;400;500;600;700;900&amp;display=swap" rel="stylesheet" />
    
    <!-- Tailwind CSS -->
    <script src="https://cdn.tailwindcss.com"></script>
    <script>
    //<![CDATA[
      tailwind.config = {
        theme: {
          extend: {
            fontFamily: { sans: ['Inter', 'sans-serif'] },
            colors: {
              brand: {
                cyan: '#00AACC',
                gold: '#D4AF37',
              }
            },
            screens: {
              'xs': '400px',
            }
          }
        }
      }
    //]]>
    </script>

    <!-- React & Recharts -->
    <script crossorigin="anonymous" src="https://unpkg.com/react@18.2.0/umd/react.production.min.js"></script>
    <script crossorigin="anonymous" src="https://unpkg.com/react-dom@18.2.0/umd/react-dom.production.min.js"></script>
    <script crossorigin="anonymous" src="https://unpkg.com/recharts@2.12.7/umd/Recharts.js"></script>
    
    <!-- Babel -->
    <script src="https://unpkg.com/@babel/standalone/babel.min.js"></script>

    <style>
      /* Reset & Base */
      body {
        font-family: 'Inter', sans-serif;
        background-color: #111;
        color: #e5e5e5;
        scroll-behavior: smooth;
        -webkit-font-smoothing: antialiased;
        overflow-x: hidden;
        margin: 0;
        padding: 0;
      }

      /* Blogger Specific Overrides */
      .navbar, .blog-admin, .date-header, .post-meta, .post-footer, .blog-pager, .post-header, .comments, .sidebar { display: none !important; }
      
      .raised-card, .raised-tile {
        background-color: #1C1C1C;
        border-top: 1px solid #525252;
        border-left: 1px solid #404040;
        border-right: 1px solid #404040;
        border-bottom: 3px solid rgba(0,0,0,0.5);
        transition: all 0.2s cubic-bezier(0.4, 0, 0.2, 1);
      }

      .animate-fade-in { animation: fadeIn 0.4s ease-out forwards; }
      @keyframes fadeIn { from { opacity: 0; transform: translateY(10px); } to { opacity: 1; transform: translateY(0); } }
      .no-scrollbar::-webkit-scrollbar { display: none; }
      .no-scrollbar { -ms-overflow-style: none; scrollbar-width: none; }
    </style>
</head>
<body>
    <b:section class='main' id='main' showaddelement='no'></b:section>
    <div id="root"></div>

    <script type="text/babel">
    //<![CDATA[
        const { useState, useEffect, useRef } = React;
        const { PieChart, Pie, Cell, ResponsiveContainer, Sector, BarChart, Bar, XAxis, YAxis, Tooltip, Legend, CartesianGrid } = Recharts;

        // --- CMS DATA ---
        const CMS = {
          identity: { short: 'WMC', full: 'WeMustCreate', tagline: 'Search Playbook' },
          nav: [
            { title: 'Home', id: 'home' },
            { title: 'Solutions', id: 'solutions', type: 'dropdown', items: [{ title: 'Privacy Protocol', id: 'solutions/privacy' }, { title: 'Case Studies', id: 'solutions/case-studies' }] },
            { title: 'Intel Hub', id: 'intel', type: 'dropdown', items: [{ title: 'Tactical Tools', id: 'intel/tools' }, { title: 'Digital Ecosystem', id: 'intel/ecosystem' }] },
            { title: 'Search Mafia', id: 'mafia' },
            { title: 'Connect', id: 'connect' }
          ]
        };

        const Header = ({ activeTab, onNavigate }) => {
            const [mobileOpen, setMobileOpen] = useState(false);
            const [expanded, setExpanded] = useState(null);
            const handleNav = (tab) => { onNavigate(tab); setMobileOpen(false); setExpanded(null); };

            return (
                <nav className="sticky top-0 z-[1001] bg-[#111111]/95 backdrop-blur-md border-b border-white/5 h-20" role="navigation">
                    <div className="max-w-7xl mx-auto px-4 h-full flex items-center justify-between">
                        <div className="flex items-center gap-3 cursor-pointer" onClick={() => handleNav('home')}>
                            <div className="w-10 h-12 bg-[#D4AF37] flex items-center justify-center pt-1 border-b-2 border-black/50 shadow-lg rounded-t-md rounded-b-[2rem]"><span className="text-black text-[10px] font-black">WMC</span></div>
                        </div>

                        <div className="hidden min-[960px]:flex items-center gap-2">
                            {CMS.nav.map(item => (
                                <button key={item.id} onClick={() => handleNav(item.id)} className="text-[10px] font-black uppercase tracking-widest px-4 py-2 text-gray-400 hover:text-white transition-colors">{item.title}</button>
                            ))}
                        </div>

                        <button className="min-[960px]:hidden p-2 text-[#D4AF37]" onClick={() => setMobileOpen(!mobileOpen)} aria-label="Menu">
                            <svg className="w-6 h-6" fill="none" stroke="currentColor" viewBox="0 0 24 24"><path strokeLinecap="round" strokeLinejoin="round" strokeWidth="2" d="M4 6h16M4 12h16m-7 6h7" /></svg>
                        </button>
                    </div>
                    {mobileOpen && (
                        <div className="fixed inset-0 bg-[#111] z-50 pt-24 px-6 flex flex-col space-y-4 min-[960px]:hidden">
                            {CMS.nav.map(item => <button key={item.id} onClick={() => handleNav(item.id)} className="text-2xl font-black text-white uppercase text-left">{item.title}</button>)}
                            <button onClick={() => setMobileOpen(false)} className="text-gray-500 font-bold uppercase mt-8">Close Menu</button>
                        </div>
                    )}
                </nav>
            );
        };

        const App = () => {
            const [activeTab, setActiveTab] = useState('home');
            const handleNavigate = (page) => { setActiveTab(page); window.scrollTo({ top: 0, behavior: 'smooth' }); };
            return (
                <div className="min-h-screen bg-[#111] text-gray-200 flex flex-col">
                    <Header activeTab={activeTab} onNavigate={handleNavigate} />
                    <main className="flex-grow flex items-center justify-center">
                        <div className="text-center"><h1 className="text-4xl font-black uppercase">MZansi Tactical Hub</h1><p className="mt-4 text-gray-500">Infrastructure & Defense Deployment in Progress.</p></div>
                    </main>
                </div>
            );
        };

        const root = ReactDOM.createRoot(document.getElementById('root'));
        root.render(<App />);
    //]]>
    </script>
</body>
</html>
